Count Sheet Description,On Hand,Count Price,BEK Item #,BEK Name,BEK Brand,BEK Pack/Size,List Price,Match Score
Appetizer Egg Roll Boudin With Cheese Par Fried Frozen,0.80,$68.56,155453,Egg Roll Boudin W/ppr Jack Chs,Frenchys Sausage Company Inc,100 / 2.8 OZ,$69.55,35.0
Appetizer Egg Roll southwest style,1.70,$79.34,171854,Egg Roll Chicken Sw Style,Vip,100 / 3 OZ,$79.34,42.0
Appetizer Potato Ring Frozen,0.00,$8.67,NO MATCH,,,,,23.3
Bacon 18-22 Single Sliced Double Smoked Gas Flushed Gold Right To Freezer - Shipped Ref/Immediately Fz,2.00,$54.06,530572,Bacon Layout 18/22,Smithfield,1 / 15 LB,$49.81,35.0
Bag Fry Paper 4.875X4 White Plain,2.75,$17.81,NO MATCH,,,,,28.0
Bag Foil Insulated Rib,0.90,$152.69,NO MATCH,,,,,17.5
Bag Sandwich Paper Dry Wax 6X.75X6.50 White Plain,6.00,$28.79,NO MATCH,,,,,23.3
Bean Baked Original Bacon Brown Sugar,3.00,$8.43,190557,Bean Baked Original,Bush's Best,6 / #10 CAN,$51.75,80
Bean Lima Baby Individually Quick Frozen,0.80,$34.98,334153,Bean Baby Lima,Markon First Crop,1 / 20 LB,$35.91,70.0
Beans Black Low Sodium All Natural Grade A,5.00,$5.90,650058,Bean Black Low Sodium,Bush's Best,6 / #10 CAN,$38.66,35.0
Beans Refried Vegetarian With Vegetable Oil,0.00,$9.17,NO MATCH,,,,,14.0
Beef Ground Patty 3-1 75/25 Au Jus Frozen,0.25,$84.52,NO MATCH,,,,,30.0
Beef Ground Patty 4-1 Breaded Country Steak Frozen,1.25,$59.59,NO MATCH,,,,,30.0
Beef Philly Steak Sirloin Puck Frozen,0.79,$84.59,188915,Beef Sandwich Steak Philly,Philly,40 / 4 OZ,$55.08,42.0
Beef Steak Fritter Chopped Frozen Formed Breaded With Black Pepper,0.95,$64.04,188849,Beef Steak Fritter Raw Breaded,Chefs Exclusive,40 / 4 OZ,$66.23,35.0
"Beef Strip For Fajita 1/2"" Fully Cooked Frozen",2.50,$52.08,106944,Chicken Fajita Strip Cooked,Gran Sabor,2 / 5 LB,$46.20,35.0
Beef Taco Filling Gluten Free Fully Cooked Frozen,0.00,$15.09,NO MATCH,,,,,14.0
Bologna Chicken Pork Beef Slices For Biscuit Approximate 20 Count Per Pack Frozen,0.00,$7.22,NO MATCH,,,,,20.0
"Bread Texas Toast White 3/4"" 20 Slice Frozen",11.00,$2.58,189661,Bread Texas Toast White,Fresh From Keith's,10 / 24 OZ,$26.36,80
"Bread White Pullman 32 Ounce 1/2"" 30 Slice Baked Frozen",0.00,$3.49,NO MATCH,,,,,20.0
Breader Fish Fry Seasoned,1.00,$29.39,NO MATCH,,,,,28.0
Breader Shrimp Fry,2.80,$55.38,693334,Breading Shrimp Fry,Louisiana Fish Fry Products,1 / 50 LB,$56.64,46.7
Broccoli Floret Premium Grade A Individually Quick Frozen,0.00,$37.75,NO MATCH,,,,,17.5
Broth Chicken,11.00,$3.91,025513,Chicken With Dumplings,St Clair,4 / 5 LB,$56.70,35.0
Brownie Chocolate Chip 24 Slice Tray Thaw & Serve Frozen,1.00,$24.50,414312,Brownie Chocolate Chip,David's Cookies,48 / 4 OZ,$47.36,80
Brussel Sprouts Individually Quick Frozen,0.00,$5.31,NO MATCH,,,,,23.3
"Bun Plain 5"" Frozen",0.00,$32.28,394690,Bun Hamburger 5 In Sliced,European Bakers,64 / 3.5 OZ,$32.28,46.7
"Bun Hot Dog 6"" Hinged Slice Baked Frozen",0.00,$3.08,189664,Bun Hot Dog 6 In Frozen,Fresh From Keith's,8 / 12 CT,$25.45,46.7
Burrito Beef And Bean Red Chile Frozen,0.75,$59.89,385084,Burrito Beef & Bean,Fernando's,72 / 4 OZ,$61.25,42.0
Butter Blend Butter Block,59.00,$1.55,NO MATCH,,,,,23.3
Cabbage Chopped 1X1 Fresh,2.00,$4.97,NO MATCH,,,,,23.3
Carrots,0.50,$21.78,012324,Carrots Sliced Smooth Bulk Iqf,Frost Sweet,1 / 20 LB,$24.55,80
Cake COCONUT CLOUD CAKE,0.00,$38.44,NO MATCH,,,,,17.5
Cartfish,1.00,$94.75,NO MATCH,,,,,0
Casserole Broccoli Cheese Rice Frozen,3.00,$12.33,372064,Casserole Broccoli Rice Cheese,St Clair,4 / 4.75 LB,$50.81,70.0
Casserole Hashbrown Ready To Bake Frozen,3.00,$15.36,143885,Casserole Hashbrown,Savannah Foods,4 / 4.5 LB,$61.43,80
Casserole Potato Baked Frozen,2.00,$11.80,372098,Casserole Potato Baked,St Clair,4 / 4.75 LB,$49.78,80
Casserole Sweet Potato Dutch Crust Frozen,0.00,$13.41,372131,Casserole Sweet Potato,St Clair,4 / 4.75 LB,$54.86,80
Cheese American Yellow .5 Ounce 160 Slice Easy Peel Refrigerated,0.50,$13.83,NO MATCH,,,,,23.3
Cheese Cheddar Mild Fancy Shredded Refrigerated,0.75,$14.98,016063,Cheese Cheddar Mild Shrd,Schreiber,4 / 5 LB,$61.21,42.0
Cheese Cheddar Yellow Mild Feather Shredded Refrigerated,0.00,$10.98,016063,Cheese Cheddar Mild Shrd,Schreiber,4 / 5 LB,$61.21,35.0
Cheese Mozzarella Whole Milk Original Feather Shredded Refrigerated,0.00,$13.75,NO MATCH,,,,,20.0
Cheese Swiss Sliced 192 Refrigerated,7.00,$6.09,NO MATCH,,,,,28.0
Cheesecake Cinnamon Churro Frozen,0.00,$47.50,NO MATCH,,,,,23.3
Chicken 8 Pieces Cut 3-3.5 Pound Marinated Trimmed Refrigerated,1.30,$103.04,NO MATCH,,,,,17.5
CHICKEN PATTY GRILLED,0.60,$64.46,138142,Chicken Patty Breaded Raw,Tyson Red Label,2 / 5 LB,$24.66,35.0
Chicken Breast Patty Fritter Homestyle Ready To Cook Average 3.2 Ounce Red Label Frozen,1.00,$20.53,NO MATCH,,,,,15.6
Chicken patty Spicy,0.00,$14.55,138142,Chicken Patty Breaded Raw,Tyson Red Label,2 / 5 LB,$24.66,35.0
Chicken Breast Strip Fajita Flame Broiled Fully Cooked Frozen,2.00,$23.10,151017,Chicken Breast Flame Grilled,Brakebush,40 / 4 OZ,$64.81,35.0
Chicken Breast Tenderloin Jumbo Random Marinated Refrigerated,2.20,$90.16,550108,Chicken Breast Random Blsl,Koch Foods,4 / 10 LB,$71.21,35.0
Chicken patty,1.20,$41.60,138142,Chicken Patty Breaded Raw,Tyson Red Label,2 / 5 LB,$24.66,80
Chip Tortilla Corn Yellow 1/4 Cut,1.10,$28.27,130838,Tortilla Chip Corn Yel 4 Cut,La Banderita,1 / 30 LB,$28.27,46.7
Churro Fries With Cinnamon Sugar Packet Frozen,0.00,$46.00,NO MATCH,,,,,14.0
Cinnamon Ground,5.00,$17.18,774060,Cinnamon Ground,Spice Classics,1 / 18 OZ,$7.61,100
Cobbler Apple Frozen,0.00,$10.00,416047,Cobbler Apple,Good Old Days,4 / 6 LB,$40.91,80
Cobbler Cherry Frozen,0.00,$11.39,416072,Cobbler Cherry,Good Old Days,4 / 5 LB,$46.59,80
cobbler blackberry,0.00,$15.48,416047,Cobbler Apple,Good Old Days,4 / 6 LB,$40.91,35.0
Cobbler Peach Frozen,2.00,$10.87,416094,Cobbler Peach,Good Old Days,4 / 5 LB,$44.60,80
Cobbler pecan,2.00,$16.98,416043,Cobbler Pecan,Good Old Days,4 / 5 LB,$69.06,100
Cone Cake #30 Dispenser Pack,7.00,$11.79,NO MATCH,,,,,28.0
Cone Waffle Classic Jacketed Regular Sleeve,0.00,$19.14,NO MATCH,,,,,23.3
Cone Waffle Large Bulk,6.00,$5.50,553241,Cone Wafe Large Classic,Joy Cone,14 / 16 ct,$73.59,35.0
Container Foam Sandwich,6.00,$6.58,NO MATCH,,,,,23.3
Container Foam 1 Compartment 9X6x3 Large Hinged White,3.00,$11.65,NO MATCH,,,,,10.0
Container Foam 12 Ounce Squat White Fits 20Jl,19.00,$2.99,NO MATCH,,,,,30.0
Container Foam 16 Ounce Squat,12.00,$1.67,NO MATCH,,,,,28.0
Container Foam 3 Compartment 9X9x3 Large Hinged White,4.50,$10.30,NO MATCH,,,,,10.0
Container Foam 4 Ounce Squat White Plain Lid-Rfs#79356,20.80,$1.39,NO MATCH,,,,,23.3
Container Foam 6 Ounce Squat White 12 Series Lid,24.00,$2.36,NO MATCH,,,,,26.2
Container Foam 8 Ounce Squat White,13.00,$2.86,870020,Cont Foam 8 Oz Extra Squat,Dart,20 / 50 CT,$62.38,42.0
Container Hot Cold Paper 8Oz Ice Cream,14.00,$4.27,NO MATCH,,,,,10.0
Container Paper 12Oz Ice Cream,0.75,$5.01,NO MATCH,,,,,14.0
9 in Container,0.40,$48.16,NO MATCH,,,,,14.0
Container Plastic 32 Ounce 6.35X2.35 Round Black Base Clear Lid Polypropylene,1.80,$42.53,NO MATCH,,,,,12.7
Container Plastic 6X6x3 Clear Hinged Polyethylene Terephthalate,1.50,$24.63,NO MATCH,,,,,10.0
Container Plastic Combo 32 Ounce Rectangle Black Clear Polypropylene,1.00,$54.27,NO MATCH,,,,,15.6
Container Plastic Hinged Large Cake Slice Side View Clear,0.85,$104.19,NO MATCH,,,,,7.8
CONTAINER BOX BARN PAPER 10LLB,0.75,$113.19,NO MATCH,,,,,14.0
Cookie Dough Decadent Red Velvet Frozen,0.30,$84.09,106993,Dough Cookie Red Velvet,David's Cookies,80 / 4.5 OZ,$82.30,56.0
Corn Dog Cheese Jalapeno With Bag Frozen,0.40,$28.00,370013,Corn Dog Chicken Jalapeno,Foster Farms,36 / 4 OZ,$27.31,42.0
Corn Dog Chicken Battered Honey Crunch On Stick Frozen,0.00,$27.97,370008,Corn Dog Chicken,Foster Farms,72 / 4 OZ,$43.77,80
Corn Dog Chili Lovers With Bag Frozen,0.40,$27.50,370049,Corn Dog Chili Cheese,Foster Farms,36 / 4 OZ,$28.13,42.0
Corn nuggets,6.00,$6.19,NO MATCH,,,,,23.3
Corn Super Sweet Fire Roasted Individually Quick Frozen,2.00,$41.10,338480,Corn Cut Fire Roasted,Roastworks,1 / 20 LB,$42.24,42.0
Corn,7.00,$2.89,338480,Corn Cut Fire Roasted,Roastworks,1 / 20 LB,$42.24,80
Crispito Chicken And Cheese Frozen,0.75,$57.39,385211,Crispito Chicken & Cheese,State Fair,72 / 2.75 OZ,$57.39,70.0
Crispito Chicken Cheese Buffalo Style Fully Cooked Frozen,0.85,$57.39,385211,Crispito Chicken & Cheese,State Fair,72 / 2.75 OZ,$57.39,42.0
Cracker saltine,0.70,$24.90,NO MATCH,,,,,23.3
Crumb Cookie Oreo Medium Crunch Reclosable,0.10,$11.10,NO MATCH,,,,,11.7
Cup Plastic Souffle 2 Ounce Translucent Polystyrene,8.80,$1.48,NO MATCH,,,,,20.0
Dip Queso Blanco Frozen,3.00,$14.27,107049,Sauce Cheese Queso Blanco,Jtm Food Group,4 / 5 LB,$57.09,35.0
Dip Roasted Street Corn Mexican Style Frozen,3.00,$16.81,190390,Dip Street Corn Mexican Style,Jtm Food Group,4 / 5 LB,$67.24,58.3
Donut Ring Homestyle Fried Ready To Ice Frozen,0.00,$53.87,228975,Donut Ring Yeast Homestyle,Rich's,84 / 2.1 OZ,$36.53,52.5
Dough Biscuit Southern Style Buttermilk Unsliced Easy Split Frozen,2.00,$53.87,NO MATCH,,,,,17.5
Dough Cookie S'mores Decadent Frozen,0.30,$93.69,412997,Dough Cookie Smores,David's Cookies,80 / 4.5 OZ,$90.90,80
Dough Cookie Triple Chocolate Decadent Pre-Portioned Bake & Serve Frozen,0.00,$84.79,417098,Dough Cookie Triple Chocolate,David's Cookies,45 / 4.5 OZ,$46.22,80
Dough Roll Cinnamon Cinn-Sational Frozen,1.20,$72.24,412443,Dough Cinnamon Roll Gourmet,Rich's,108 / 5 OZ,$82.74,52.5
Dough Turnover Apple Tray Packed Frozen,0.00,$51.98,225292,Dough Apple Turnover,Pillsbury(r),60 / 3.7 OZ,$60.65,42.0
Dressing Honey Mustard Portion Cup Refrigerated,1.25,$28.31,674189,Dressing Pc Honey Mustard Cup,Ken's,100 / 1.5 OZ,$28.88,56.0
Dressing Ranch Buttermilk Western Refrigerated,0.50,$20.40,674216,Dressing Pc Ranch Cup,Ken's,100 / 1.5 OZ,$27.20,35.0
Dressing Ranch Portion Control Cup Refrigerated,0.95,$26.60,674216,Dressing Pc Ranch Cup,Ken's,100 / 1.5 OZ,$27.20,42.0
Dressing Roasted Red Pepper And Garlic,0.15,$24.35,NO MATCH,,,,,14.0
Egg Liquid Whole Pasteurized With Citric Acid Carton Refrigerated,12.70,$4.87,NO MATCH,,,,,20.0
Egg Patty Fried Homestyle With Cracked Black Pepper Table Ready Frozen,0.00,$43.41,NO MATCH,,,,,30.0
Egg Shell On White Medium Grade Aa Loose Pack Refrigerated,8.00,$2.12,142365,Egg Fresh Shell Med Usda Aa,Ellington Farms,1 / 30 DZN,$26.16,35.0
Eggroll Pork And Vegetable Frozen,0.00,$56.23,380237,Egg Roll Pork & Vegetable,Minh,72 / 3 OZ,$56.23,35.0
Flour Hotel & Restaurant All Purpose,4.00,$8.82,119164,Flour Hotel & Restaurant,Ellington Farms,1 / 25 LB,$8.82,80
Foil Sheets 9x10.75,7.00,$18.60,NO MATCH,,,,,23.3
Foil Sheets 12x10.75,4.00,$22.01,876013,Foil Sheet 12x10.75 In,Durable Packaging,12 / 200 CT,$175.06,46.7
Food Release Oil Base With Soy (Pan Spray),7.00,$4.82,NO MATCH,,,,,20.0
Fork Black Max,41.00,$1.71,NO MATCH,,,,,17.5
"Fries 3/8"" Crinkle Cut Battered Highway 40 Seasoned Frozen",6.50,$10.32,NO MATCH,,,,,17.5
Fries Potato Wedge 10 Cut Battered Zero Grams Trans Fat Fry Or Convection Oven Or Oven Frozen,0.00,$10.87,NO MATCH,,,,,15.0
Fries Potato Wedge Seasoned 8 Cut Frozen,0.50,$8.51,216830,Potato Wedge 8 Cut Seasoned,Golden Phoenix,6 / 5 LB,$51.08,58.3
"Fries Straight Cut 3/8"" Battered Frozen Surecrisp",0.00,$7.37,NO MATCH,,,,,23.3
French Toast Stick,0.00,$11.80,401194,French Toast Stick Wg 1.1 Oz,Bake Crafters,2 / 5 LB,$25.15,80
Garlic Granulated,0.00,$55.99,774024,Garlic Powder,Spice Classics,1 / 16 OZ,$7.70,35.0
Garlic Powder,1.00,$18.04,774024,Garlic Powder,Spice Classics,1 / 16 OZ,$7.70,100
Green beans,1.00,$5.82,NO MATCH,,,,,23.3
Gravy Mix Au Jus Instant,7.00,$3.56,157477,Gravy Mix Au Jus,Knorr,12 / 3.7 OZ,$43.67,80
Gravy Mix Biscuit Pepper No Msg Added Bag,8.00,$4.47,797230,Gravy Mix Pepper Biscuit,Pioneer,6 / 24 OZ,$27.40,35.0
Gravy Mix Brown,8.00,$2.73,797032,Gravy Mix Brown,Shawnee Milling Co,6 / 14 OZ,$16.69,100
Grits Creamy Frozen,6.00,$7.83,799424,Cereal Grits Quick White,Quaker,8 / 5 LB,$42.88,35.0
Grits White Quick Enriched,0.00,$3.64,799424,Cereal Grits Quick White,Quaker,8 / 5 LB,$42.88,35.0
Guacamole Southwest Frozen,6.00,$4.67,NO MATCH,,,,,23.3
Ham For Biscuit Slice 1.2 Ounce Frozen,0.00,$12.16,NO MATCH,,,,,14.0
Honey Pure Grade A Portion Cup,0.90,$41.47,677217,Honey Pc Pure Cup,Smucker's,200 / 0.5 OZ,$41.75,52.5
Hot Pocket Pizza Stix Pepperoni Mozzarella Cheese Fry Or Oven Bulk Frozen,0.80,$32.61,NO MATCH,,,,,12.7
Hushpuppy Original Buttermilk .66 Ounce,1.50,$11.92,NO MATCH,,,,,14.0
Ice Cream Mix Chocolate,0.00,$0.00,221022,Pie Chocolate Cream Mini,Cyrus,8 / 7 OZ,$21.19,35.0
Ice Cream Mix Vanilla Refrigerated,0.00,$0.00,691188,Pancake Mix Sweet Cream,Krusteaz,6 / 5 LB,$49.17,35.0
Jam Strawberry Packet,1.00,$26.80,NO MATCH,,,,,17.5
Jambalaya,5.00,$9.66,121396,Mix Creole Jambalaya,Tony Chacheres,8 / 40 OZ,$59.18,80
Jelly Assorted #3 Cup 80 Grape 40 Apple 80 Mixed Fruit,0.00,$18.49,NO MATCH,,,,,21.0
Jelly Grape Pouch,1.20,$20.64,190754,Jelly Pc Grape Pouch,Welchs,200 / 0.5 OZ,$21.11,52.5
Ketchup Fancy,1.00,$6.59,NO MATCH,,,,,23.3
Ketchup Fancy Foil,0.90,$22.75,NO MATCH,,,,,23.3
Knives Black Max,8.50,$4.82,NO MATCH,,,,,17.5
Lettuce Iceberg Clean And Trim Fresh,0.00,$10.59,123145,Lettuce Iceberg Trimmed Only,Markon First Crop,4 / 6 CT,$69.48,35.0
Fruit stand lettuce,0.80,$19.16,NO MATCH,,,,,17.5
"Lettuce Shredded 1/8"" Fresh",0.00,$6.57,123073,Lettuce Shred 1/8 In K,Markon Ready Set Serve,4 / 5 LB,$26.36,35.0
Lid Container 12 Ounce Dome Ice Cream,0.25,$4.52,NO MATCH,,,,,20.0
Lid Container Polystyrene Translucent 12Oz,19.50,$2.98,NO MATCH,,,,,14.0
Lid Cup Plastic 6 Ounce Vented White,13.40,$2.30,NO MATCH,,,,,23.3
Lid Cup Plastic Vented White 4Oz,10.80,$1.85,NO MATCH,,,,,28.0
Lid Plastic Dome Container 8 Ice Cream,31.50,$3.97,NO MATCH,,,,,30.0
Lid Souffle Cup 1.5-2 Ounce Polyethylene Terephthalate Fits 1.5 And 2 Ounce Portion Cup,18.40,$1.48,NO MATCH,,,,,6.4
Macadamia nut cookie,0.30,$93.49,NO MATCH,,,,,23.3
Margarine Spread,0.00,$58.79,NO MATCH,,,,,0
Mayonnaise Pouch,0.40,$33.58,182377,Mayonnaise Pc Poly Pouch,Ellington Farms,200 / 9 GRM,$17.09,35.0
MEATLOAF,1.00,$92.71,010008,Meatloaf F/c Pull Apart 12ct,King's Command Foods,12 / 21 OZ,$93.80,80
Mix Pancake batter,5.40,$8.01,691188,Pancake Mix Sweet Cream,Krusteaz,6 / 5 LB,$49.17,35.0
Mayonnaise,3.70,$10.23,119451,Mayonnaise Extra Heavy Duty,Ellington Farms,4 / 1 GAL,$57.18,80
Muffin Corn Frozen,1.00,$32.61,NO MATCH,,,,,23.3
mac & cheese,8.00,$13.00,NO MATCH,,,,,23.3
Mustard Yellow Portion Pack,0.50,$19.48,NO MATCH,,,,,23.3
Napkin For Dispenser 6.5X8.4 White Interfold 2 Ply Advanced Fit,4.60,$6.80,NO MATCH,,,,,17.5
Napkin Xpress 13X8.5 White 1/4 Folded For Xpressnap N4 System,17.00,$3.85,NO MATCH,,,,,8.8
Oil Butter Flavor,0.00,$13.81,NO MATCH,,,,,23.3
Okra Lightly Breaded Frozen,3.50,$9.12,226619,Okra Cut Lightly Breaded,Stilwell,4 / 5 LB,$37.30,52.5
"Onion Diced 3/8"" Grade A Frozen",0.00,$0.00,NO MATCH,,,,,23.3
Onion Granulated,0.00,$0.00,152027,Onion White Jumbo,Packer,1 / 25 LB,$16.66,35.0
Onion Powder,0.95,$9.97,774024,Garlic Powder,Spice Classics,1 / 16 OZ,$7.70,35.0
"Onion White Jumbo 3"" And Up Fresh",0.90,$12.69,152027,Onion White Jumbo,Packer,1 / 25 LB,$16.66,80
Onion Yellow Large Fresh,0.00,$9.54,026761,Onion Yellow Jumbo Fresh 5lb,Packer,1 / 5 LB,$9.82,35.0
Pasta Elbow,2.40,$12.96,NO MATCH,,,,,23.3
"Pasta Spaghetti 10""",2.50,$13.60,205590,Pasta Spaghetti 10 In,Bellacibo Primo,2 / 10 LB,$27.19,80
PENNE PASTA,3.25,$13.35,700150,Pasta Penne Rigate Regular,Barilla,2 / 10 LB,$29.09,35.0
Peas Field With Snap Frozen,3.00,$5.68,NO MATCH,,,,,14.0
Pepper Bell Green Fresh,0.00,$22.69,165041,Pepper Bell Green,Markon,1 / 5 LB,$14.65,80
Pepper Bell Green Medium #1 Fresh,0.46,$12.48,165041,Pepper Bell Green,Markon,1 / 5 LB,$14.65,80
Pepper Black Ground .1Gm Flute Pack,4.00,$7.55,NO MATCH,,,,,14.0
Pepper Black Ground Shaker Disposable,34.00,$1.46,NO MATCH,,,,,14.0
Pepper Jalapeno Nacho Sliced,2.50,$7.78,685040,Pepper Jalapeno Sliced,Cajun Chef,4 / 1 GAL,$43.53,46.7
Pico De Gallo Hot Refrigerated,3.50,$14.01,187397,Pico De Gallo 5 Lb,Markon Ready Set,1 / 5 LB,$13.57,52.5
Pie Meat Original Bulk Frozen,0.50,$55.27,374344,Meat Pie Original Beef & Pork,Natchitoches Meat Pie Co,48 / 3.75 OZ,$55.27,42.0
Pork Chop 4 Ounce Boneless Center Cut Enhanced Frozen,0.70,$56.07,NO MATCH,,,,,26.2
Pork Choppette Breaded Frozen,0.00,$33.67,534047,Pork Chop Boneless Breaded,Pierre Zartic,40 / 4 OZ,$56.31,35.0
Pork Pulled With Barbecue Sauce Fully Cooked Heat In Bag Frozen,4.00,$30.28,546495,Bbq Pork Pulled With Sauce,Saucy Blues,2 / 5 LB,$60.55,35.0
Potato Mashed Deluxe Boil In Bag Refrigerated,0.00,$10.50,363433,Potato Mashed Deluxe,Simply Potatoes,4 / 6 LB,$42.97,80
Puff Pastry Ham And Cheese Frozen,0.95,$80.63,384952,Pizza Puff Ham & Cheese,Iltaco,48 / 6 OZ,$80.63,52.5
Puff Pizza Pepperoni 6 Ounce Frozen,0.95,$70.91,384951,Pizza Puff Pepperoni,Iltaco,48 / 6 OZ,$70.91,42.0
Rib st. louis fully cooked,6.00,$44.36,NO MATCH,,,,,0
Rice Long Grain Parboiled Boxed,0.75,$19.28,NO MATCH,,,,,28.0
Rice Fully Cooked IQF Simplot,7.00,$56.19,NO MATCH,,,,,23.3
Rice Spanish,5.00,$5.38,301052,Rice Parboiled,Producers Rice Mill Inc,1 / 25 LB,$13.61,35.0
Roll Dinner Hawaiian Sweet Frozen,5.00,$6.07,398411,Roll Dinner Hawaiian,Kings Hawaiian Bakery,10 / 24 CT,$59.20,80
Salsa Medium Thick And Chunky Jug,6.50,$18.55,NO MATCH,,,,,14.0
Salsa Picante Chunky Packet,0.50,$10.09,NO MATCH,,,,,23.3
Salt Garlic,0.00,$16.00,774024,Garlic Powder,Spice Classics,1 / 16 OZ,$7.70,35.0
Salt Packet .5 Gram,3.00,$3.82,NO MATCH,,,,,17.5
SAUCE ALFREDO,3.00,$13.05,122730,Sauce Alfredo Pouch,Nestle,4 / 80 OZ,$47.73,80
Sauce Barbecue Original,1.50,$13.49,NO MATCH,,,,,28.0
Sauce Barbecue Original Portion Cup,1.50,$26.06,NO MATCH,,,,,28.0
Sauce marinara,1.00,$37.08,674816,Sauce Pc Marinara Cup,Heinz,60 / 2 OZ,$37.92,35.0
Sauce Buffalo Wing,0.00,$14.83,112784,Sauce Wing Buffalo,Sweet Baby Ray's,4 / 1 GAL,$62.10,70.0
Sauce Cheese Cheddar Trans Fat Free,1.00,$9.42,184643,Cheese Sauce Cheddar,Keith Valley,6 / #10 CAN,$64.78,35.0
Sauce Chimichurri Frozen,4.00,$11.19,124163,Sauce Soy,Ellington Farms,4 / 1 GAL,$25.73,35.0
Sauce Cocktail Cup Refrigerated,0.00,$29.60,301629,Sauce Cocktail Cups Gf,Ken's,100 / 1.5 OZ,$28.94,35.0
Sauce Hot Louisiana Plastic,3.00,$13.33,NO MATCH,,,,,28.0
Sauce Hot Sauce Pouch,0.80,$14.55,122730,Sauce Alfredo Pouch,Nestle,4 / 80 OZ,$47.73,46.7
SAUCE SPAGHETTI,3.00,$6.90,007252,Sauce Spaghetti #10,Red Gold,6 / #10 CAN,$42.10,80
Sauce Sweet And Sour Cup,0.60,$19.86,115983,Sauce Pc Sweet N Sour Cup,Ken's,100 / 1 OZ,$20.31,46.7
Sauce Taco Pouch,1.00,$28.48,122730,Sauce Alfredo Pouch,Nestle,4 / 80 OZ,$47.73,46.7
Sauce Tartar Portion Cup Refrigerated,0.95,$19.89,674626,Sauce Pc Tartar Cup,Ken's,100 / 1.5 OZ,$32.02,52.5
honey,8.00,$3.31,674189,Dressing Pc Honey Mustard Cup,Ken's,100 / 1.5 OZ,$28.88,80
honey hot,15.00,$7.23,NO MATCH,,,,,17.5
Sausage Link 4-1 Smoked Frozen,0.00,$42.87,153064,Sausage Link Pineapple,Country Pleasin,1 / 10 LB,$51.37,46.7
Sausage Original Link Smoked Split Frozen,0.30,$49.07,184380,Sausage Link Smoked Split 2.5 oz,Country Pleasin,1 / 10 LB,$48.52,52.5
sausage pork jalapeno smoked chedder,0.00,$25.00,NO MATCH,,,,,17.5
Sausage Patty Special Recipe Fully Cooked Frozen,1.00,$48.46,111468,Sausage Patty 2 Oz Cooked,Special Recipe,80 / 2 OZ,$48.46,35.0
Sausage Pine/Apple 4-1 link,0.00,$51.63,153064,Sausage Link Pineapple,Country Pleasin,1 / 10 LB,$51.37,52.5
"Sausage Smokies Link 5"" Hickory Smoked Collagen Casing Frozen",0.00,$48.18,NO MATCH,,,,,30.0
Seasoning Blend Garlic Pepper,1.40,$19.17,774080,Pepper Lemon Seasoning,Mccormick,1 / 28 OZ,$16.68,35.0
Seasoning Blend Lemon Pepper,5.25,$18.47,774080,Pepper Lemon Seasoning,Mccormick,1 / 28 OZ,$16.68,52.5
Seasoning Blend Montreal Chicken Powder Grill Mates,2.00,$11.82,NO MATCH,,,,,20.0
Seasoning Blend Montreal Steak Grill Mates,9.50,$13.50,774492,Seasoning Montreal Steak,Mccormick,1 / 29 OZ,$14.01,35.0
Seasoning Creole Original,3.50,$21.68,115570,Seasoning Creole Original,Tony Chacheres,4 / 8 LB,$80.45,100
"Shell Taco Yellow Whole Grain 5"" Meets School Grain Requirements",0.50,$2.90,NO MATCH,,,,,7.8
Shortening Clear Liquid Fry,0.50,$35.62,779123,Shortening Clear Fry Liquid,Keith's Homestyle,1 / 35 LB,$35.62,70.0
Shrimp White 31-40 Raw Peeled Deveined Tail Off Phosphate Free Individually Quick Frozen,3.00,$12.57,NO MATCH,,,,,23.3
Soft Serve Chocolate Ice Cream Mix,5.00,$13.30,773505,Soft Serve Chocolate,Frostline,6 / 6 LB,$80.60,80
Soft Serve Vanilla Ice Cream Mix,6.00,$13.70,018070,Soft Serve Mix Van Non Dairy,Frostline,6 / 6 LB,$78.19,35.0
Soup Chicken Tortilla Frozen,0.00,$14.38,123886,Soup Cream Of Chicken,Ellington Farms,12 / 50 OZ,$69.27,35.0
Soup Chili With Bean,2.00,$17.80,NO MATCH,,,,,23.3
Soup Cream Of Chicken,6.00,$6.05,123886,Soup Cream Of Chicken,Ellington Farms,12 / 50 OZ,$69.27,100
Sour Cream Packet Refrigerated,0.40,$13.66,669005,Sour Cream Pc,Daisy Brands,100 / 1 OZ,$13.98,46.7
Spice Salt Shaker,43.00,$0.47,NO MATCH,,,,,23.3
Spoon Plastic Heavy Weight Black Polypropylene Max Stax Refill,36.00,$1.71,NO MATCH,,,,,7.8
Sprinkle Rainbow,0.50,$28.88,NO MATCH,,,,,0
Squash Yellow Sliced Smooth Individually Quick Frozen,8.00,$2.95,170174,Squash Yellow Sliced,Fineline,12 / 3 LB,$50.50,80
Sugar Waffle Dust,0.00,$6.61,NO MATCH,,,,,23.3
Syrup Breakfast Maple Imitation 1.4 Ounce Portion Cup,0.50,$18.43,NO MATCH,,,,,17.5
Syrup Chocolate Full Flavor Ready To Use Can,6.30,$13.12,NO MATCH,,,,,14.0
Tamale Beef 18 Bag Of 4 Frozen,5.00,$4.84,NO MATCH,,,,,23.3
TAMALE CHICKEN 18 BAG OF 4 FROZEN,8.00,$4.71,NO MATCH,,,,,23.3
TATER KEG,0.20,$38.72,126922,Tater Keg Bacon Cheddar Chive,Tater Kegs,1 / 10 LB,$38.72,80
"Tomato Diced 3/4"" In Juice Extra Standard",3.00,$5.27,125654,Tomato Diced In Juice,Ellington Farms,6 / #10 CAN,$30.42,35.0
Tomato Diced With Green Chili,8.00,$2.18,125654,Tomato Diced In Juice,Ellington Farms,6 / #10 CAN,$30.42,35.0
Tomato Fruit Stand,0.00,$18.80,NO MATCH,,,,,23.3
Tomato Red 5X6 2 Layer,0.00,$30.39,210025,Tomato 5x6 1 Layer,Markon First Crop,1 / 10 LB,$19.49,42.0
Topping Butterfinger Chopped Refrigerated,0.50,$27.09,NO MATCH,,,,,23.3
Topping Butterscotch Ready To Use,5.30,$8.84,NO MATCH,,,,,23.3
Topping Candy Rainbow Nerds Wonka,0.25,$27.70,NO MATCH,,,,,14.0
topping caramel,5.30,$8.30,792054,Topping Caramel,Lyons Magnus,6 / #5 CAN,$72.34,100
Topping Cookie Oreo Pieces,3.25,$4.58,NO MATCH,,,,,17.5
topping gummy bear,3.25,$18.42,NO MATCH,,,,,23.3
Topping Heath Bar Chopped Refrigerated,1.90,$33.40,NO MATCH,,,,,17.5
Topping M&M's Plain Chopped Refrigerated,0.00,$21.59,NO MATCH,,,,,23.3
Topping Marshmallow Ready To Use,1.30,$7.98,NO MATCH,,,,,23.3
topping peanut pieces,2.30,$12.38,NO MATCH,,,,,23.3
Topping Reeses Pieces Mini Bulk,0.50,$130.49,NO MATCH,,,,,14.0
Tornado Breakfast Sausage Egg Cheese Frozen,2.00,$20.81,385970,Tornado Saus Egg & Cheese,Tornados,24 / 3 OZ,$21.38,42.0
"Tortilla Corn White 6"" Table Enchilada Or Soft Taco",5.20,$4.69,NO MATCH,,,,,17.5
"Tortilla Flour 12""",6.20,$3.39,106051,Tortilla Flour Pressed 12 In,Gran Sabor,12 / 12 CT,$43.93,52.5
"Tortilla Flour 6""",15.00,$2.41,408603,Tortilla Flour Pressed 6 Inch,La Banderita,12 / 24 CT,$27.68,42.0
Tray Food Paper 1 Pound 5.16X3.59X1.48 Red Check,2.80,$8.23,NO MATCH,,,,,26.2
Tray Food Paper 2 Pound Red Check,0.00,$9.04,NO MATCH,,,,,30.0
Tray Food Paper 5 Pound Red Check,0.40,$17.92,198212,Tray Food 5 Lb 500 Red Plaid,Essentials,2 / 250 CT,$35.84,40.0
Vegetable Blend Red & Green Pepper Onion Strip Roasted Frozen,3.00,$4.66,NO MATCH,,,,,17.5
Vegetable Blend Southwest Fire Roasted Corn Black Bean Individually Quick Frozen,7.00,$5.84,349504,Vegetable Blend Corn BLK Bean,Roastworks,6 / 2.5 LB,$35.81,35.0
Waffle Stuffed Sausage Egg Cheese Frozen,1.00,$84.80,NO MATCH,,,,,28.0
Wrap Deli 12X10.75 Interfolded,4.00,$7.42,875102,Paper Waxed Deli 12x10.75,Dixie,12 / 500 CT,$100.24,35.0
wrap foil 14X10.5 Cushion Plain for sandwiches,4.50,$32.20,194431,Foil Sand Wrap 10.5x14 Cushion,Western Plastics,4 / 500 CT,$82.06,42.0
foil wrap 12x10.75,11.70,$22.01,876013,Foil Sheet 12x10.75 In,Durable Packaging,12 / 200 CT,$175.06,46.7
GW SHRIMP,3.00,$8.07,NO MATCH,,,,,23.3
GW ALLIGATOR,2.00,$9.89,NO MATCH,,,,,0
GW CRAWFISH,0.00,$9.10,NO MATCH,,,,,0
GW REGULAR,1.00,$7.46,NO MATCH,,,,,23.3
BATTER MIX,40.00,$2.50,NO MATCH,,,,,23.3
CREOLE,48.00,$1.08,121396,Mix Creole Jambalaya,Tony Chacheres,8 / 40 OZ,$59.18,80
SPICY,54.00,$3.64,109198,Chicken Breast Hot N Spicy Ckd,Tyson Red Label,40 / 4 OZ,$41.06,80
CAJUN/REGULAR PEANUTS,22.00,$8.33,NO MATCH,,,,,0
16OZ PEANUT CUP,39.25,$8.01,NO MATCH,,,,,23.3
32 OZ PEANUT CUP,14.00,$10.22,114792,Cup Foam 32 Oz Pedestal,Dart,25 / 16 CT,$64.65,35.0
LIDS,5.00,$5.01,NO MATCH,,,,,0
Beef Smoked Links (Burnt End),0.00,$12.61,NO MATCH,,,,,17.5
Brisket sliced,12.00,$32.38,NO MATCH,,,,,0
CHAMPS COLLARD GREENS,4.00,$9.98,NO MATCH,,,,,17.5
Cream Cheese Icing,10.70,$6.25,742002,Cheese Cream Loaf Grade A,Golden Harvest,10 / 3 LB,$72.33,46.7
GREEN BEANS,7.00,$7.85,NO MATCH,,,,,23.3
Kolache,0.00,$69.77,NO MATCH,,,,,0
Jalopeno poppers,0.10,$93.03,NO MATCH,,,,,0
MAC AND CHEESE,0.00,$7.10,NO MATCH,,,,,23.3
MASHED POTATOES,4.00,$9.64,NO MATCH,,,,,23.3
RED BEANS,3.00,$6.50,NO MATCH,,,,,17.5
RICE,0.00,$4.18,372064,Casserole Broccoli Rice Cheese,St Clair,4 / 4.75 LB,$50.81,80
SEASONED CORN,0.00,$6.18,NO MATCH,,,,,23.3
Tomato Gravy,3.00,$13.07,NO MATCH,,,,,23.3
STUFFED NACHO'S,0.00,$13.07,NO MATCH,,,,,0
mini taco,0.00,$27.91,NO MATCH,,,,,23.3
sliced pickles,1.50,$11.03,NO MATCH,,,,,0
Deer Burrito Cheddar,38.00,$2.41,NO MATCH,,,,,23.3
Deer Burrito pepper jack,0.00,$2.53,NO MATCH,,,,,28.0
Foil Round Trays for Contigo,1.70,$36.89,NO MATCH,,,,,17.5
Imperial Hot Dog Buns,0.90,$31.17,189664,Bun Hot Dog 6 In Frozen,Fresh From Keith's,8 / 12 CT,$25.45,35.0
